case_id,evidence_text,evidence_type,expected_direction,source_note
E001,"Broad synergy claims without quantified cost savings or timelines are often considered weak evidence in M&A disclosures.","qualitative_risk","weak","Synthetic case based on common M&A disclosure review logic"
E002,"Acquisition announcements that include specific cost-saving targets, integration timelines, and measurable operating metrics provide stronger support for synergy claims.","quantitative_support","support","Synthetic case"
E003,"Claims about accelerating growth are weakly supported when no revenue target, customer expansion plan, or market share metric is provided.","qualitative_risk","weak","Synthetic case"
E004,"Statements about improving operational efficiency are stronger when supported by concrete actions such as facility consolidation, supply chain integration, or headcount optimization plans.","operational_support","support","Synthetic case"
E005,"Management claims about enhancing market position may be risky if the disclosure does not explain product overlap, geographic expansion, or customer base expansion.","market_position_risk","weak","Synthetic case"
E006,"Past M&A announcements using phrases like 'transformational opportunity' without measurable financial assumptions often required further analyst review.","language_risk","weak","Synthetic case"
E007,"Disclosure paragraphs with expected EBITDA improvement, stated synergy dollar amounts, and a realization period usually provide stronger evidence.","financial_metric_support","support","Synthetic case"
E008,"Optimistic claims are less reliable when they rely only on generic language such as 'create value', 'drive growth', or 'unlock opportunities'.","generic_language_risk","weak","Synthetic case"
E009,"Integration risk increases when management promises rapid synergy realization but does not discuss execution risks or integration costs.","integration_risk","contradict","Synthetic case"
E010,"If an acquisition expands a company into a clearly identified adjacent market with stated customer demand, the growth claim is more supported.","market_support","support","Synthetic case"
E011,"Claims about revenue growth are weak when the company does not provide expected contribution, segment impact, or pro forma assumptions.","revenue_risk","weak","Synthetic case"
E012,"Cost synergy claims are more credible when management provides estimated savings and a timeline such as 12 to 24 months.","cost_synergy_support","support","Synthetic case"
E013,"Statements that an acquisition will strengthen competitive position are weak if they lack evidence about competitors, market share, or technology advantage.","competition_risk","weak","Synthetic case"
E014,"When a disclosure mentions both expected benefits and integration challenges, the claim may be more balanced and less promotional.","balanced_disclosure","support","Synthetic case"
E015,"High-level positive tone without numerical evidence may indicate promotional disclosure rather than evidence-grounded disclosure.","tone_risk","weak","Synthetic case"
E016,"A claim is more grounded when it connects the acquisition target's assets to specific operational improvements.","asset_support","support","Synthetic case"
E017,"Synergy claims may be contradicted when integration costs are large but not reflected in management's optimistic discussion.","cost_contradiction","contradict","Synthetic case"
E018,"Market expansion claims are stronger when the disclosure identifies new regions, customer groups, or distribution channels.","market_expansion_support","support","Synthetic case"
E019,"Claims about innovation benefits are weak when the disclosure does not identify specific technologies, patents, or product capabilities.","innovation_risk","weak","Synthetic case"
E020,"Acquisition claims are higher risk when they contain multiple optimistic outcomes but no measurable support.","multi_claim_risk","weak","Synthetic case"